{
    "write_flash_args" : [ "--flash_mode", "dio",
                           "--flash_size", "2MB",
                           "--flash_freq", "60m" ],
    "flash_settings" : {
        "flash_mode": "dio",
        "flash_size": "2MB",
        "flash_freq": "60m"
    },
    "flash_files" : {
        "0x0" : "bootloader/bootloader.bin",
        "0xd0000" : "esp-at.bin",
        "0x8000" : "partition_table/partition-table.bin",
        "0x9000" : "ota_data_initial.bin",
        "0xb000" : "phy_init_data.bin",
        "0x1a000" : "at_customize.bin",
        "0x1b000" : "customized_partitions/mfg_nvs.bin"
    },
    "bootloader" : { "offset" : "0x0", "file" : "bootloader/bootloader.bin", "encrypted" : "false" },
    "app" : { "offset" : "0xd0000", "file" : "esp-at.bin", "encrypted" : "false" },
    "partition-table" : { "offset" : "0x8000", "file" : "partition_table/partition-table.bin", "encrypted" : "false" },
    "otadata" : { "offset" : "0x9000", "file" : "ota_data_initial.bin", "encrypted" : "false" },
    "phy" : { "offset" : "0xb000", "file" : "phy_init_data.bin", "encrypted" : "false" },
    "at_customize" : { "offset" : "0x1a000", "file" : "at_customize.bin", "encrypted" : "false" },
    "mfg_nvs" : { "offset" : "0x1b000", "file" : "customized_partitions/mfg_nvs.bin", "encrypted" : "false" },
    "extra_esptool_args" : {
        "after"  : "hard_reset",
        "before" : "default_reset",
        "stub"   : true,
        "chip"   : "esp32c2"
    }
}
